@Papaiaaa; 2023-03-03 23:01:39; /start
@Papaiaaa,2023-03-03 23:02:22,/start
@Papaiaaa,2023-03-03 23:02:22,/start
@Papaiaaa,2023-03-03 23:08:46,образование
@Papaiaaa,2023-03-03 23:08:46,обо мне
@Papaiaaa,2023-03-03 23:08:46,контакты
@Papaiaaa,2023-03-03 23:08:46,резюме
@Papaiaaa,2023-03-03 23:08:46,вывести на экран
@Papaiaaa,2023-03-03 23:08:46,контакты
@Papaiaaa,2023-03-03 23:08:46,резюме
@Papaiaaa,2023-03-03 23:08:46,скачать cv
@Papaiaaa,2023-03-03 23:08:46,/about
@Papaiaaa,2023-03-03 23:08:46,/contacts
@Papaiaaa,2023-03-03 23:08:46,/cv
@Papaiaaa,2023-03-03 23:08:46,/contacts
@Papaiaaa; 2023-03-03 23:17:22; обратная связь
@Papaiaaa; 2023-03-03 23:17:22; контакты
@Papaiaaa; 2023-03-03 23:17:22; образование
@Papaiaaa; 2023-03-03 23:17:22; обо мне
@Papaiaaa; 2023-03-03 23:17:22; резюме
@Papaiaaa; 2023-03-03 23:17:22; вывести на экран
@Papaiaaa; 2023-03-03 23:17:22; резюме
@Papaiaaa; 2023-03-03 23:17:22; скачать cv
@Papaiaaa; 2023-03-03 23:17:22; /start
